-- ==========================================================
--  데모 데이터 초기화 스크립트
--  SQL Developer 에서 F5 (Run Script) 로 실행하세요.
--  사용자: D202302618
-- ==========================================================
SET DEFINE OFF;

-- ----------------------------------------------------------
-- 1. 기존 데이터 전체 삭제 (FK 제약 순서)
-- ----------------------------------------------------------
DELETE FROM PURCHASEREQ;
DELETE FROM MESSAGE;
DELETE FROM CHATROOM;
DELETE FROM ITEM;
DELETE FROM CUSTOMER;

-- ----------------------------------------------------------
-- 2. 회원 (CUSTOMER) 삽입
--    관리자: c0 / admin1234
--    일반 회원: c01~c10 / pass1234
-- ----------------------------------------------------------
INSERT INTO CUSTOMER (CNO, PASSWD, NICKNAME, PHONE, REGION) VALUES ('c0',  'admin1234', '관리자',    '010-0000-0000', '서울특별시 종로구');
INSERT INTO CUSTOMER (CNO, PASSWD, NICKNAME, PHONE, REGION) VALUES ('c01', 'pass1234',  '하늘여우',  '010-1234-5678', '서울특별시 마포구');
INSERT INTO CUSTOMER (CNO, PASSWD, NICKNAME, PHONE, REGION) VALUES ('c02', 'pass1234',  '바다곰',    '010-2345-6789', '서울특별시 강남구');
INSERT INTO CUSTOMER (CNO, PASSWD, NICKNAME, PHONE, REGION) VALUES ('c03', 'pass1234',  '초록토끼',  '010-3456-7890', '경기도 성남시 분당구');
INSERT INTO CUSTOMER (CNO, PASSWD, NICKNAME, PHONE, REGION) VALUES ('c04', 'pass1234',  '노란고양이','010-4567-8901', '경기도 수원시 영통구');
INSERT INTO CUSTOMER (CNO, PASSWD, NICKNAME, PHONE, REGION) VALUES ('c05', 'pass1234',  '빨간판다',  '010-5678-9012', '인천광역시 연수구');
INSERT INTO CUSTOMER (CNO, PASSWD, NICKNAME, PHONE, REGION) VALUES ('c06', 'pass1234',  '구름다람쥐','010-6789-0123', '부산광역시 해운대구');
INSERT INTO CUSTOMER (CNO, PASSWD, NICKNAME, PHONE, REGION) VALUES ('c07', 'pass1234',  '달빛사슴',  '010-7890-1234', '대구광역시 수성구');
INSERT INTO CUSTOMER (CNO, PASSWD, NICKNAME, PHONE, REGION) VALUES ('c08', 'pass1234',  '별똥별',    '010-8901-2345', '서울특별시 송파구');
INSERT INTO CUSTOMER (CNO, PASSWD, NICKNAME, PHONE, REGION) VALUES ('c09', 'pass1234',  '파란고래',  '010-9012-3456', '경기도 고양시 일산서구');
INSERT INTO CUSTOMER (CNO, PASSWD, NICKNAME, PHONE, REGION) VALUES ('c10', 'pass1234',  '새벽늑대',  '010-0123-4567', '서울특별시 은평구');

-- ----------------------------------------------------------
-- 3. 상품 (ITEM) 삽입 (31개)
--    판매 중 16 / 예약 중 5 / 거래 완료 10
--    이미지(PIC1~3)는 upload_demo_images.ps1 로 별도 업로드
-- ----------------------------------------------------------

-- ▶ c01 하늘여우 (서울 마포구)
INSERT INTO ITEM (CNO,ITEMNO,TITLE,DESCRIPTION,CATEGORY,PRICE,TRADEPLACE,REGDATETIME,RESDATETIME,SELLSTATUS,FINALPRICE)
VALUES('c01',1,'에어팟 프로 2세대','6개월 사용. 충전케이스 포함. 잔여 보증 6개월. 기능 이상 없음.','전자기기',180000,'서울 마포구 홍대입구역 2번 출구',TO_TIMESTAMP('2026-04-10 10:00:00','YYYY-MM-DD HH24:MI:SS'),NULL,'판매 중',NULL);

INSERT INTO ITEM (CNO,ITEMNO,TITLE,DESCRIPTION,CATEGORY,PRICE,TRADEPLACE,REGDATETIME,RESDATETIME,SELLSTATUS,FINALPRICE)
VALUES('c01',2,'삼천리 하이브리드 자전거','5년 탔으나 체인 교체 완료. 앞뒤 라이트 포함. 직거래 필수.','기타',85000,'서울 마포구 상암동 월드컵공원 입구',TO_TIMESTAMP('2026-03-20 14:30:00','YYYY-MM-DD HH24:MI:SS'),TO_TIMESTAMP('2026-04-01 11:00:00','YYYY-MM-DD HH24:MI:SS'),'거래 완료',78000);

INSERT INTO ITEM (CNO,ITEMNO,TITLE,DESCRIPTION,CATEGORY,PRICE,TRADEPLACE,REGDATETIME,RESDATETIME,SELLSTATUS,FINALPRICE)
VALUES('c01',3,'로지텍 MX Master 3 무선 마우스','6개월 사용. 충전 케이블 포함. 클릭감 이상 없음.','전자기기',75000,'서울 마포구 공덕역 4번 출구',TO_TIMESTAMP('2026-05-01 11:00:00','YYYY-MM-DD HH24:MI:SS'),NULL,'판매 중',NULL);

INSERT INTO ITEM (CNO,ITEMNO,TITLE,DESCRIPTION,CATEGORY,PRICE,TRADEPLACE,REGDATETIME,RESDATETIME,SELLSTATUS,FINALPRICE)
VALUES('c01',4,'이케아 LACK 벽 선반 세트 (2개)','이사 처분. 나사 포함. 설치 구멍 없는 깨끗한 상태.','가구',20000,'서울 마포구 합정역 1번 출구',TO_TIMESTAMP('2026-05-20 09:00:00','YYYY-MM-DD HH24:MI:SS'),TO_TIMESTAMP('2026-06-01 13:00:00','YYYY-MM-DD HH24:MI:SS'),'거래 완료',18000);

-- ▶ c02 바다곰 (서울 강남구)
INSERT INTO ITEM (CNO,ITEMNO,TITLE,DESCRIPTION,CATEGORY,PRICE,TRADEPLACE,REGDATETIME,RESDATETIME,SELLSTATUS,FINALPRICE)
VALUES('c02',1,'무인양품 원목 책상 140x70cm','이사로 처분. 흠집 없음. 의자 미포함. 직거래만.','가구',120000,'서울 강남구 역삼역 1번 출구',TO_TIMESTAMP('2026-03-15 09:00:00','YYYY-MM-DD HH24:MI:SS'),TO_TIMESTAMP('2026-04-10 14:00:00','YYYY-MM-DD HH24:MI:SS'),'거래 완료',110000);

INSERT INTO ITEM (CNO,ITEMNO,TITLE,DESCRIPTION,CATEGORY,PRICE,TRADEPLACE,REGDATETIME,RESDATETIME,SELLSTATUS,FINALPRICE)
VALUES('c02',2,'닌텐도 스위치 OLED 풀구성','마리오+젤다 타이틀 2개 포함. 화면 기스 없음. 독 포함.','전자기기',250000,'서울 강남구 강남역 11번 출구',TO_TIMESTAMP('2026-04-25 16:00:00','YYYY-MM-DD HH24:MI:SS'),NULL,'판매 중',NULL);

INSERT INTO ITEM (CNO,ITEMNO,TITLE,DESCRIPTION,CATEGORY,PRICE,TRADEPLACE,REGDATETIME,RESDATETIME,SELLSTATUS,FINALPRICE)
VALUES('c02',3,'나이키 에어맥스 270 (275mm)','3회 착용. 밑창 마모 없음. 박스 포함.','의류',75000,'서울 강남구 선릉역 2번 출구',TO_TIMESTAMP('2026-05-10 15:00:00','YYYY-MM-DD HH24:MI:SS'),NULL,'판매 중',NULL);

-- ▶ c03 초록토끼 (경기 성남 분당)
INSERT INTO ITEM (CNO,ITEMNO,TITLE,DESCRIPTION,CATEGORY,PRICE,TRADEPLACE,REGDATETIME,RESDATETIME,SELLSTATUS,FINALPRICE)
VALUES('c03',1,'노스페이스 눕시 패딩 M (블랙)','한 시즌 착용. 오염 없음. 세탁 완료 후 판매.','의류',95000,'경기 성남시 서현역 2번 출구',TO_TIMESTAMP('2026-02-28 11:00:00','YYYY-MM-DD HH24:MI:SS'),TO_TIMESTAMP('2026-03-25 10:00:00','YYYY-MM-DD HH24:MI:SS'),'거래 완료',88000);

INSERT INTO ITEM (CNO,ITEMNO,TITLE,DESCRIPTION,CATEGORY,PRICE,TRADEPLACE,REGDATETIME,RESDATETIME,SELLSTATUS,FINALPRICE)
VALUES('c03',2,'드롱기 디디카 에스프레소 머신','1년 사용. 스팀봉 포함. 설명서 있음.','생활용품',130000,'경기 성남시 야탑역 2번 출구',TO_TIMESTAMP('2026-05-15 13:00:00','YYYY-MM-DD HH24:MI:SS'),TO_TIMESTAMP('2026-06-13 20:00:00','YYYY-MM-DD HH24:MI:SS'),'예약 중',NULL);

-- ▶ c04 노란고양이 (경기 수원 영통)
INSERT INTO ITEM (CNO,ITEMNO,TITLE,DESCRIPTION,CATEGORY,PRICE,TRADEPLACE,REGDATETIME,RESDATETIME,SELLSTATUS,FINALPRICE)
VALUES('c04',1,'아이패드 에어 5세대 Wi-Fi 64GB','케이스+필름 포함. 배터리 93% 유지. 스크래치 없음.','전자기기',480000,'경기 수원시 영통역 2번 출구',TO_TIMESTAMP('2026-03-01 10:30:00','YYYY-MM-DD HH24:MI:SS'),TO_TIMESTAMP('2026-04-05 12:00:00','YYYY-MM-DD HH24:MI:SS'),'거래 완료',455000);

INSERT INTO ITEM (CNO,ITEMNO,TITLE,DESCRIPTION,CATEGORY,PRICE,TRADEPLACE,REGDATETIME,RESDATETIME,SELLSTATUS,FINALPRICE)
VALUES('c04',2,'나이키 페가수스 40 런닝화 (270mm)','5회 착용. 밑창 마모 없음. 박스 없이 판매.','의류',55000,'경기 수원시 망포역 1번 출구',TO_TIMESTAMP('2026-05-12 15:00:00','YYYY-MM-DD HH24:MI:SS'),NULL,'판매 중',NULL);

INSERT INTO ITEM (CNO,ITEMNO,TITLE,DESCRIPTION,CATEGORY,PRICE,TRADEPLACE,REGDATETIME,RESDATETIME,SELLSTATUS,FINALPRICE)
VALUES('c04',3,'클린 코드 (로버트 C.마틴 저)','밑줄·메모 없음. 깨끗한 상태. 개발 입문자 추천.','도서',12000,'경기 수원시 인계동 스타벅스 앞',TO_TIMESTAMP('2026-04-18 10:00:00','YYYY-MM-DD HH24:MI:SS'),NULL,'판매 중',NULL);

INSERT INTO ITEM (CNO,ITEMNO,TITLE,DESCRIPTION,CATEGORY,PRICE,TRADEPLACE,REGDATETIME,RESDATETIME,SELLSTATUS,FINALPRICE)
VALUES('c04',4,'이케아 TERTIAL 스탠드 조명 (화이트)','전구 교체 완료. 이상 없음.','가구',15000,'경기 수원시 영통구청 앞',TO_TIMESTAMP('2026-05-28 11:00:00','YYYY-MM-DD HH24:MI:SS'),NULL,'판매 중',NULL);

-- ▶ c05 빨간판다 (인천 연수구)
INSERT INTO ITEM (CNO,ITEMNO,TITLE,DESCRIPTION,CATEGORY,PRICE,TRADEPLACE,REGDATETIME,RESDATETIME,SELLSTATUS,FINALPRICE)
VALUES('c05',1,'패브릭 2인용 소파 (베이지)','이사 처분. 사용감 있으나 파손 없음. 직거래만.','가구',150000,'인천 연수구 송도역 4번 출구',TO_TIMESTAMP('2026-03-10 09:00:00','YYYY-MM-DD HH24:MI:SS'),TO_TIMESTAMP('2026-04-15 13:00:00','YYYY-MM-DD HH24:MI:SS'),'거래 완료',140000);

INSERT INTO ITEM (CNO,ITEMNO,TITLE,DESCRIPTION,CATEGORY,PRICE,TRADEPLACE,REGDATETIME,RESDATETIME,SELLSTATUS,FINALPRICE)
VALUES('c05',2,'쿠쿠 IH 전기밥솥 6인용','2년 사용. 내솥 코팅 양호. 구성품 완전.','생활용품',45000,'인천 연수구 센트럴파크역 2번 출구',TO_TIMESTAMP('2026-05-05 14:00:00','YYYY-MM-DD HH24:MI:SS'),NULL,'판매 중',NULL);

INSERT INTO ITEM (CNO,ITEMNO,TITLE,DESCRIPTION,CATEGORY,PRICE,TRADEPLACE,REGDATETIME,RESDATETIME,SELLSTATUS,FINALPRICE)
VALUES('c05',3,'삼성 갤럭시 워치 5 44mm (실버)','충전기 포함. 배터리 91%. 잔여 보증 3개월.','전자기기',150000,'인천 연수구 캠퍼스타운역 1번 출구',TO_TIMESTAMP('2026-06-01 15:00:00','YYYY-MM-DD HH24:MI:SS'),TO_TIMESTAMP('2026-06-13 20:00:00','YYYY-MM-DD HH24:MI:SS'),'예약 중',NULL);

-- ▶ c06 구름다람쥐 (부산 해운대)
INSERT INTO ITEM (CNO,ITEMNO,TITLE,DESCRIPTION,CATEGORY,PRICE,TRADEPLACE,REGDATETIME,RESDATETIME,SELLSTATUS,FINALPRICE)
VALUES('c06',1,'캐논 EOS M50 Mark II (킷렌즈 포함)','미러리스. 15-45mm 킷렌즈+가방 포함. 촬영 횟수 적음.','전자기기',420000,'부산 해운대구 해운대역 1번 출구',TO_TIMESTAMP('2026-04-05 10:00:00','YYYY-MM-DD HH24:MI:SS'),NULL,'판매 중',NULL);

INSERT INTO ITEM (CNO,ITEMNO,TITLE,DESCRIPTION,CATEGORY,PRICE,TRADEPLACE,REGDATETIME,RESDATETIME,SELLSTATUS,FINALPRICE)
VALUES('c06',2,'TPE 요가 매트 + 블록 2개 세트','6mm 두께. 위생 이슈 없음. 가방 포함.','기타',18000,'부산 해운대구 중동역 1번 출구',TO_TIMESTAMP('2026-04-20 11:30:00','YYYY-MM-DD HH24:MI:SS'),TO_TIMESTAMP('2026-05-10 12:00:00','YYYY-MM-DD HH24:MI:SS'),'거래 완료',15000);

INSERT INTO ITEM (CNO,ITEMNO,TITLE,DESCRIPTION,CATEGORY,PRICE,TRADEPLACE,REGDATETIME,RESDATETIME,SELLSTATUS,FINALPRICE)
VALUES('c06',3,'이기적 정보처리기사 실기 2024','필기 없음. 최신판.','도서',10000,'부산 해운대구 장산역 2번 출구',TO_TIMESTAMP('2026-05-25 10:00:00','YYYY-MM-DD HH24:MI:SS'),NULL,'판매 중',NULL);

-- ▶ c07 달빛사슴 (대구 수성구)
INSERT INTO ITEM (CNO,ITEMNO,TITLE,DESCRIPTION,CATEGORY,PRICE,TRADEPLACE,REGDATETIME,RESDATETIME,SELLSTATUS,FINALPRICE)
VALUES('c07',1,'리바이스 501 청바지 (32인치)','3회 착용. 세탁 완료. 색 바램 없음.','의류',35000,'대구 수성구 범어역 3번 출구',TO_TIMESTAMP('2026-04-28 14:00:00','YYYY-MM-DD HH24:MI:SS'),NULL,'판매 중',NULL);

INSERT INTO ITEM (CNO,ITEMNO,TITLE,DESCRIPTION,CATEGORY,PRICE,TRADEPLACE,REGDATETIME,RESDATETIME,SELLSTATUS,FINALPRICE)
VALUES('c07',2,'자바의 정석 Vol.1+2 세트 (남궁성)','밑줄 일부 있음. 내용 파악에 지장 없음.','도서',15000,'대구 수성구 수성못역 1번 출구',TO_TIMESTAMP('2026-05-08 10:00:00','YYYY-MM-DD HH24:MI:SS'),NULL,'판매 중',NULL);

INSERT INTO ITEM (CNO,ITEMNO,TITLE,DESCRIPTION,CATEGORY,PRICE,TRADEPLACE,REGDATETIME,RESDATETIME,SELLSTATUS,FINALPRICE)
VALUES('c07',3,'스타벅스 써머 콜드컵 텀블러 473ml','2회 사용. 세척 완료. 빨대 포함.','생활용품',20000,'대구 수성구 황금역 2번 출구',TO_TIMESTAMP('2026-06-05 11:00:00','YYYY-MM-DD HH24:MI:SS'),TO_TIMESTAMP('2026-06-13 20:00:00','YYYY-MM-DD HH24:MI:SS'),'예약 중',NULL);

-- ▶ c08 별똥별 (서울 송파구)
INSERT INTO ITEM (CNO,ITEMNO,TITLE,DESCRIPTION,CATEGORY,PRICE,TRADEPLACE,REGDATETIME,RESDATETIME,SELLSTATUS,FINALPRICE)
VALUES('c08',1,'갤럭시 버즈2 프로 (그라파이트)','개봉 후 2회 사용. 풀구성. 잔여 보증 10개월.','전자기기',110000,'서울 송파구 잠실역 8번 출구',TO_TIMESTAMP('2026-03-25 14:00:00','YYYY-MM-DD HH24:MI:SS'),TO_TIMESTAMP('2026-04-20 11:00:00','YYYY-MM-DD HH24:MI:SS'),'거래 완료',100000);

INSERT INTO ITEM (CNO,ITEMNO,TITLE,DESCRIPTION,CATEGORY,PRICE,TRADEPLACE,REGDATETIME,RESDATETIME,SELLSTATUS,FINALPRICE)
VALUES('c08',2,'원목 5단 책장 (높이 180cm)','조립식. 분해 후 전달 가능. 직거래만.','가구',45000,'서울 송파구 석촌역 3번 출구',TO_TIMESTAMP('2026-05-18 10:00:00','YYYY-MM-DD HH24:MI:SS'),NULL,'판매 중',NULL);

-- ▶ c09 파란고래 (경기 고양 일산)
INSERT INTO ITEM (CNO,ITEMNO,TITLE,DESCRIPTION,CATEGORY,PRICE,TRADEPLACE,REGDATETIME,RESDATETIME,SELLSTATUS,FINALPRICE)
VALUES('c09',1,'맥북 에어 M1 8GB/256GB (스페이스 그레이)','2021년 구매. 배터리 사이클 120회. 충전기 포함. 외관 기스 없음.','전자기기',750000,'경기 고양시 일산역 3번 출구',TO_TIMESTAMP('2026-05-30 11:00:00','YYYY-MM-DD HH24:MI:SS'),TO_TIMESTAMP('2026-06-13 20:00:00','YYYY-MM-DD HH24:MI:SS'),'예약 중',NULL);

INSERT INTO ITEM (CNO,ITEMNO,TITLE,DESCRIPTION,CATEGORY,PRICE,TRADEPLACE,REGDATETIME,RESDATETIME,SELLSTATUS,FINALPRICE)
VALUES('c09',2,'테팔 프라이팬 인덕션 5종 세트','이사 처분. 18/20/24/26/28cm. 코팅 양호.','생활용품',35000,'경기 고양시 백석역 2번 출구',TO_TIMESTAMP('2026-04-15 09:00:00','YYYY-MM-DD HH24:MI:SS'),NULL,'판매 중',NULL);

INSERT INTO ITEM (CNO,ITEMNO,TITLE,DESCRIPTION,CATEGORY,PRICE,TRADEPLACE,REGDATETIME,RESDATETIME,SELLSTATUS,FINALPRICE)
VALUES('c09',3,'클린 아키텍처 (로버트 마틴 저)','읽음. 밑줄 없음. 깨끗한 상태.','도서',18000,'경기 고양시 마두역 1번 출구',TO_TIMESTAMP('2026-04-22 10:00:00','YYYY-MM-DD HH24:MI:SS'),TO_TIMESTAMP('2026-05-20 14:00:00','YYYY-MM-DD HH24:MI:SS'),'거래 완료',16000);

-- ▶ c10 새벽늑대 (서울 은평구)
INSERT INTO ITEM (CNO,ITEMNO,TITLE,DESCRIPTION,CATEGORY,PRICE,TRADEPLACE,REGDATETIME,RESDATETIME,SELLSTATUS,FINALPRICE)
VALUES('c10',1,'샤오미 초음파 가습기 300ml USB','거의 사용 안 함. 필터 교체 완료.','생활용품',12000,'서울 은평구 불광역 6번 출구',TO_TIMESTAMP('2026-05-22 10:00:00','YYYY-MM-DD HH24:MI:SS'),NULL,'판매 중',NULL);

INSERT INTO ITEM (CNO,ITEMNO,TITLE,DESCRIPTION,CATEGORY,PRICE,TRADEPLACE,REGDATETIME,RESDATETIME,SELLSTATUS,FINALPRICE)
VALUES('c10',2,'유니클로 후리스 집업 XL (네이비)','한 시즌 착용. 보풀 없음. 세탁 후 판매.','의류',15000,'서울 은평구 연신내역 4번 출구',TO_TIMESTAMP('2026-05-15 11:00:00','YYYY-MM-DD HH24:MI:SS'),NULL,'판매 중',NULL);

INSERT INTO ITEM (CNO,ITEMNO,TITLE,DESCRIPTION,CATEGORY,PRICE,TRADEPLACE,REGDATETIME,RESDATETIME,SELLSTATUS,FINALPRICE)
VALUES('c10',3,'메리다 스컬트라 400 로드바이크','700c. 105 구동계. 풀튜닝 상태.','기타',320000,'서울 은평구 응암역 1번 출구',TO_TIMESTAMP('2026-04-08 09:00:00','YYYY-MM-DD HH24:MI:SS'),TO_TIMESTAMP('2026-05-05 13:00:00','YYYY-MM-DD HH24:MI:SS'),'거래 완료',300000);

INSERT INTO ITEM (CNO,ITEMNO,TITLE,DESCRIPTION,CATEGORY,PRICE,TRADEPLACE,REGDATETIME,RESDATETIME,SELLSTATUS,FINALPRICE)
VALUES('c10',4,'LG XBoom Go 포터블 블루투스 스피커','2년 사용. 방수 이상 없음. 충전기 포함.','전자기기',55000,'서울 은평구 불광동 카페 앞',TO_TIMESTAMP('2026-06-05 14:00:00','YYYY-MM-DD HH24:MI:SS'),TO_TIMESTAMP('2026-06-13 20:00:00','YYYY-MM-DD HH24:MI:SS'),'예약 중',NULL);

-- ----------------------------------------------------------
-- 4. 구매 요청 (PURCHASEREQ) 샘플 — 판매 중 상품 대상
-- ----------------------------------------------------------
INSERT INTO PURCHASEREQ (REQUESTCNO,CNO,ITEMNO,REQDATETIME,REQPRICE,REQMESSAGE)
VALUES('c02','c01',1,TO_TIMESTAMP('2026-06-13 15:00:00','YYYY-MM-DD HH24:MI:SS'),170000,'에어팟 프로 상태 좋으면 구매할게요!');

INSERT INTO PURCHASEREQ (REQUESTCNO,CNO,ITEMNO,REQDATETIME,REQPRICE,REQMESSAGE)
VALUES('c05','c01',1,TO_TIMESTAMP('2026-06-13 17:30:00','YYYY-MM-DD HH24:MI:SS'),160000,'조금 더 네고 가능한가요? 직거래 원합니다.');

INSERT INTO PURCHASEREQ (REQUESTCNO,CNO,ITEMNO,REQDATETIME,REQPRICE,REQMESSAGE)
VALUES('c03','c02',2,TO_TIMESTAMP('2026-06-13 16:30:00','YYYY-MM-DD HH24:MI:SS'),240000,'닌텐도 게임 상태 확인 부탁드려요.');

INSERT INTO PURCHASEREQ (REQUESTCNO,CNO,ITEMNO,REQDATETIME,REQPRICE,REQMESSAGE)
VALUES('c04','c06',1,TO_TIMESTAMP('2026-06-14 08:00:00','YYYY-MM-DD HH24:MI:SS'),400000,'카메라 촬영 횟수 더 자세히 알 수 있을까요?');

INSERT INTO PURCHASEREQ (REQUESTCNO,CNO,ITEMNO,REQDATETIME,REQPRICE,REQMESSAGE)
VALUES('c01','c09',2,TO_TIMESTAMP('2026-06-14 07:00:00','YYYY-MM-DD HH24:MI:SS'),33000,'프라이팬 코팅 사진 추가로 보내주실 수 있나요?');

COMMIT;

-- ==========================================================
-- 완료! 이제 upload_demo_images.ps1 로 이미지를 업로드하세요.
--
-- 계정 요약:
--   관리자: c0 / admin1234
--   일반 회원: c01~c10 / pass1234
--
-- 상품 통계:
--   전체 31개 | 판매 중 16 | 예약 중 5 | 거래 완료 10
--   카테고리: 전자기기 8 | 의류 5 | 가구 5 | 생활용품 5 | 도서 4 | 기타 3
--   거래 완료 총 매출: 1,320,000원 (9명의 판매자)
-- ==========================================================
